{"cameraMode":{"drawMode":0,"name":"Shaded","section":"Shading Mode"},"sceneLighting":true,"audioPlay":false,"sceneViewState":{"showFog":true,"showMaterialUpdate":true,"showSkybox":true,"showFlares":true,"showImageEffects":true,"showParticleSystems":true},"in2DMode":false,"pivot":{"x":1012.9313354492188,"y":507.4593505859375,"z":-64.59947967529297},"rotation":{"x":0.03296281024813652,"y":0.04346263408660889,"z":-0.001434782170690596,"w":0.9985102415084839},"size":1352.0360107421875,"orthographic":true}