{"cameraMode":{"drawMode":0,"name":"Shaded","section":"Shading Mode"},"sceneLighting":true,"audioPlay":false,"sceneViewState":{"showFog":true,"showMaterialUpdate":false,"showSkybox":true,"showFlares":true,"showImageEffects":true,"showParticleSystems":true},"in2DMode":false,"pivot":{"x":0.8225259780883789,"y":-5.288358688354492,"z":-3.5845947265625},"rotation":{"x":-0.250433087348938,"y":0.07020935416221619,"z":-0.0182131826877594,"w":-0.9654168486595154},"size":68.45089721679688,"orthographic":false}