{"cameraMode":{"drawMode":0,"name":"Shaded","section":"Shading Mode"},"sceneLighting":true,"audioPlay":false,"sceneViewState":{"showFog":true,"showMaterialUpdate":false,"showSkybox":true,"showFlares":true,"showImageEffects":true,"showParticleSystems":true},"in2DMode":false,"pivot":{"x":-8.426969528198243,"y":3.7090067863464357,"z":2.1131432056427},"rotation":{"x":-0.2548293471336365,"y":0.06723353266716004,"z":-0.017764538526535035,"w":-0.9644861221313477},"size":11.898045539855957,"orthographic":false}